hardware_name,manufacturer,type,data_source,fp32_tflops,fp16_tflops,int8_tops,memory_bandwidth_gbps,memory_size_gb,energy_consumption_watts,cuda_score,opencl_score,fps_indicator,g3d_mark_score,price_usd,perf_per_dollar,throughput_ops_sec,latency_ms,tops_per_watt_fp32,tops_per_watt_fp16,tops_per_watt_int8,memory_compute_ratio,fp16_to_fp32_scaling,int8_to_fp32_scaling
Google TPU v7 Ironwood,Google,TPU,ml_hardware,,,,7370.0,192.0,980.0,,,,,,,,,,,,,,
Amazon Trainium2,Amazon AWS,GPU,ml_hardware,,,,2900.0,96.0,500.0,,,,,,,,,,,,,,
NVIDIA H200,NVIDIA,GPU,ml_hardware,66.91,,1979.0,4800.0,,700.0,,,,,,,,,0.0955857142857142,,2.827142857142857,71.73815573157974,,29.57704379016589
Huawei Ascend 910C,Huawei,GPU,ml_hardware,,800.0,,3200.0,,310.0,,,,,,,,,,2.5806451612903225,,,,
AMD Instinct MI325X,AMD,GPU,ml_hardware,163.4,1300.0,2600.0,6000.0,256.0,1000.0,,,,,,,,,0.1634,1.3,2.6,36.71970624235006,7.9559363525091795,15.91187270501836
Intel Habana Gaudi3,Intel,,ml_hardware,14.3,28.7,,3700.0,128.0,900.0,,,,,,,,,0.0158888888888888,0.0318888888888888,,258.7412587412587,2.006993006993006,
NVIDIA GB200,NVIDIA,GPU,ml_hardware,90.0,,5000.0,16000.0,384.0,1200.0,,,,,,,6015.1315,1.0141307970855935,0.075,,4.166666666666667,177.77777777777777,,55.55555555555556
Meta MTIA v2,Meta,Other,ml_hardware,2.76,,354.0,1000.0,0.256,90.0,,,,,,,,,0.0306666666666666,,3.933333333333333,362.3188405797102,,128.2608695652174
NVIDIA B100,NVIDIA,GPU,ml_hardware,,,3500.0,8000.0,192.0,700.0,,,,,,,,,,,5.0,,,
NVIDIA B200,NVIDIA,GPU,ml_hardware,62.08,2250.0,4500.0,8000.0,192.0,1000.0,,,,,,,,,0.0620799999999999,2.25,4.5,128.8659793814433,36.243556701030926,72.48711340206185
NVIDIA H100,NVIDIA,GPU,ml_hardware,,835.5,,3938.0,94.0,400.0,,,,,,,,,,2.08875,,,,
MTT S4000,Moore Threads (Tencent),GPU,ml_hardware,25.0,49.15,200.0,768.0,48.0,450.0,,,,,,,,,0.0555555555555555,0.1092222222222222,0.4444444444444444,30.72,1.966,8.0
AMD Instinct MI300X,AMD,GPU,ml_hardware,163.4,1307.4,2614.9,5300.0,192.0,750.0,,,,,,,,,0.2178666666666666,1.7432,3.486533333333333,32.43574051407589,8.001223990208079,16.003059975520195
NVIDIA HGX H20,NVIDIA,GPU,ml_hardware,44.0,,296.0,4000.0,96.0,400.0,,,,,,,,,0.11,,0.74,90.9090909090909,,6.727272727272728
NVIDIA L20 PCle,NVIDIA,GPU,ml_hardware,59.35,59.35,239.0,864.0,48.0,275.0,,,,,,,,,0.2158181818181818,0.2158181818181818,0.8690909090909091,14.55770850884583,1.0,4.026958719460826
Google TPU v5e,Google,TPU,ml_hardware,,,393.0,819.0,16.0,140.0,,,,,,,,,,,2.807142857142857,,,
NVIDIA GH200,NVIDIA,GPU,ml_hardware,66.91,,1979.0,4900.0,,700.0,,,,,,,,,0.0955857142857142,,2.827142857142857,73.23270064265432,,29.57704379016589
MetaX MXC500 (PCIe),MetaX,GPGPU,ml_hardware,15.0,240.0,480.0,18000.0,64.0,350.0,,,,,,,,,0.0428571428571428,0.6857142857142857,1.3714285714285714,1200.0,16.0,32.0
Meta MTIA v1,Meta,Other,ml_hardware,1.6,,102.4,800.0,0.128,25.0,,,,,,,,,0.064,,4.096,500.0,,64.0
NVIDIA H800,NVIDIA,GPU,ml_hardware,59.3,,1979.0,3360.0,80.0,700.0,,,,,,,,,0.0847142857142857,,2.827142857142857,56.6610455311973,,33.37268128161889
NVIDIA GH100,NVIDIA,GPU,ml_hardware,66.91,,1979.0,3072.0,,700.0,,,,,,,,,0.0955857142857142,,2.827142857142857,45.91241966821103,,29.57704379016589
NVIDIA L4,NVIDIA,GPU,ml_hardware,30.29,30.29,242.0,300.1,24.0,72.0,,,,,,,,,0.4206944444444444,0.4206944444444444,3.361111111111111,9.907560250907892,1.0,7.989435457246616
NVIDIA GeForce RTX 4070,NVIDIA,GPU,ml_hardware,29.15,29.15,233.0,504.2,12.0,285.0,,,,,,,,,0.1022807017543859,0.1022807017543859,0.8175438596491228,17.296740994854204,1.0,7.993138936535163
Intel Data Center GPU Max 1100,Intel,GPU,ml_hardware,22.22,22.22,,1230.0,48.0,300.0,,,,,,,,,0.0740666666666666,0.0740666666666666,,55.35553555355536,1.0,
Intel Data Center GPU Max 1350,Intel,GPU,ml_hardware,44.44,44.44,,2460.0,96.0,450.0,,,,,,,,,0.0987555555555555,0.0987555555555555,,55.35553555355536,1.0,
Intel Data Center GPU Max 1550,Intel,GPU,ml_hardware,52.43,52.43,,3280.0,128.0,600.0,,,,,,,,,0.0873833333333333,0.0873833333333333,,62.55960328056456,1.0,
AMD Radeon Instinct MI300,AMD,GPU,ml_hardware,47.87,383.0,,6550.0,128.0,600.0,,,,,,,,,0.0797833333333333,0.6383333333333333,,136.82891163568,8.000835596406937,
AMD Instinct MI300A,AMD,GPU,ml_hardware,122.6,980.6,1961.2,5300.0,128.0,760.0,,,,,,,,,0.1613157894736842,1.2902631578947368,2.5805263157894736,43.2300163132137,7.99836867862969,15.99673735725938
Baidu Kunlun RG800,Kunlunxin Baidu,XPU-R,ml_hardware,32.0,128.0,256.0,512.0,32.0,130.0,,,,,,,,,0.2461538461538461,0.9846153846153848,1.9692307692307691,16.0,4.0,8.0
MetaX MXC500 (OAM),MetaX,GPGPU,ml_hardware,18.0,280.0,560.0,18000.0,64.0,450.0,,,,,,,,,0.04,0.6222222222222222,1.2444444444444445,1000.0,15.555555555555555,31.11111111111111
NVIDIA A800 PCIe 40 GB,NVIDIA,GPU,ml_hardware,19.49,77.97,,1560.0,,250.0,,,,,,,,,0.0779599999999999,0.31188,,80.04104669061057,4.000513083632632,
AMD Radeon RX 7900 XTX,AMD,GPU,ml_hardware,61.42,122.8,,960.0,24.0,335.0,,,,,,,,,0.1833432835820895,0.3665671641791044,,15.630087919244543,1.999348746336698,
NVIDIA A800 PCIe 80 GB,NVIDIA,GPU,ml_hardware,19.49,77.97,,1940.0,,250.0,,,,,,,,,0.0779599999999999,0.31188,,99.5382247306311,4.000513083632632,
NVIDIA L40,NVIDIA,GPU,ml_hardware,90.52,90.52,362.0,864.0,48.0,300.0,,,,,,,,,0.3017333333333333,0.3017333333333333,1.2066666666666668,9.544851966416262,1.0,3.999116217410517
NVIDIA H100,NVIDIA,GPU,ml_hardware,51.22,204.9,,2040.0,,350.0,,,,,,,,,0.1463428571428571,0.5854285714285714,,39.82819211245607,4.0003904724716906,
NVIDIA GeForce RTX 4090,NVIDIA,GPU,ml_hardware,82.6,82.6,660.6,1008.0,24.0,450.0,,,,,,,40415.748455,0.0135638647791192,0.1835555555555555,0.1835555555555555,1.468,12.203389830508476,1.0,7.997578692493947
NVIDIA H100,NVIDIA,GPU,ml_hardware,66.91,133.8,1979.0,3350.0,80.0,700.0,,,,,,,,,0.0955857142857142,0.1911428571428571,2.827142857142857,50.06725452099836,1.9997010910177853,29.57704379016589
NVIDIA GeForce RTX 4080,NVIDIA,GPU,ml_hardware,48.74,48.74,390.0,716.8,16.0,320.0,,,,,,,,,0.1523125,0.1523125,1.21875,14.706606483381204,1.0,8.001641362330734
Biren BR100,Biren,GPGPU,ml_hardware,256.0,,2048.0,1640.0,64.0,550.0,,,,,,,,,0.4654545454545454,,3.723636363636364,6.40625,,8.0
NVIDIA A800,NVIDIA,GPU,ml_hardware,19.49,77.97,,2040.0,,400.0,,,,,,,,,0.048725,0.194925,,104.66906105695227,4.000513083632632,
MT-3000,National University of Defense Technology,Hybrid CPU,ml_hardware,,,,1432.0,128.0,256.0,,,,,,,,,,,,,,
Intel Habana Gaudi2,Intel,,ml_hardware,,,,2450.0,96.0,600.0,,,,,,,,,,,,,,
NVIDIA GeForce RTX 3090 Ti,NVIDIA,GPU,ml_hardware,40.0,40.0,320.0,1008.0,24.0,450.0,,,,,,,,,0.0888888888888888,0.0888888888888888,0.7111111111111111,25.2,1.0,8.0
Cambricon MLU370-X8,Cambricon,,ml_hardware,24.0,96.0,256.0,614.4,48.0,250.0,,,,,,,,,0.096,0.384,1.024,25.6,4.0,10.666666666666666
Huawei Ascend 910B,Huawei,GPU,ml_hardware,94.0,376.0,,1228.0,32.0,400.0,,,,,,,,,0.235,0.94,,13.063829787234043,4.0,
Baidu Kunlun R100 (75W),Kunlunxin Baidu,XPU-R,ml_hardware,18.0,64.0,128.0,384.0,12.0,75.0,,,,,,,,,0.24,0.8533333333333334,1.7066666666666668,21.33333333333333,3.555555555555556,7.111111111111111
Baidu Kunlun R100 (100W),Kunlunxin Baidu,XPU-R,ml_hardware,20.0,85.0,170.0,384.0,12.0,100.0,,,,,,,,,0.2,0.85,1.7,19.2,4.25,8.5
Baidu Kunlun R200 (150W),Kunlunxin Baidu,XPU-R,ml_hardware,32.0,128.0,256.0,512.0,16.0,150.0,,,,,,,,,0.2133333333333333,0.8533333333333334,1.7066666666666668,16.0,4.0,8.0
Baidu Kunlun R200-8F (160W),Kunlunxin Baidu,XPU-R,ml_hardware,32.0,128.0,256.0,512.0,32.0,160.0,,,,,,,,,0.2,0.8,1.6,16.0,4.0,8.0
AMD Radeon Instinct MI250X,AMD,GPU,ml_hardware,47.87,383.0,383.0,3280.0,128.0,500.0,,,,,,,,,0.0957399999999999,0.766,0.766,68.51890536870692,8.000835596406937,8.000835596406937
Cambricon MLU370-S4/S8,Cambricon,,ml_hardware,18.0,72.0,192.0,307.2,24.0,75.0,,,,,,,,,0.24,0.96,2.56,17.066666666666666,4.0,10.666666666666666
Cambricon MLU370-X4,Cambricon,,ml_hardware,24.0,96.0,256.0,307.2,24.0,150.0,,,,,,,,,0.16,0.64,1.7066666666666668,12.8,4.0,10.666666666666666
Cambricon MLU370-S8,Cambricon,,ml_hardware,18.0,72.0,192.0,307.2,48.0,75.0,,,,,,,,,0.24,0.96,2.56,17.066666666666666,4.0,10.666666666666666
Cambricon MLU370-S4,Cambricon,,ml_hardware,18.0,72.0,192.0,307.2,24.0,75.0,,,,,,,,,0.24,0.96,2.56,17.066666666666666,4.0,10.666666666666666
Tesla D1 Dojo,Tesla,GPU,ml_hardware,22.6,,,10000.0,,400.0,,,,,,,,,0.0565,,,442.4778761061947,,
Baidu Kunlun II,Kunlunxin Baidu,XPU-R,ml_hardware,,128.0,256.0,512.0,32.0,150.0,,,,,,,,,,0.8533333333333334,1.7066666666666668,,,
Shensuan-1,Hygon,DCU (GPGPU),ml_hardware,,24.5,,1024.0,32.0,350.0,,,,,,,,,,0.07,,,,
Google TPU v4,Google,TPU,ml_hardware,,,275.0,1200.0,32.0,170.0,,,,,,,,,,,1.6176470588235294,,,
NVIDIA RTX A4000,NVIDIA,GPU,ml_hardware,19.17,19.17,,448.0,16.0,140.0,,,,,,,,,0.1369285714285714,0.1369285714285714,,23.3698487219614,1.0,
NVIDIA A10G,NVIDIA,GPU,ml_hardware,31.5,31.5,,600.2,24.0,150.0,,,,,,,,,0.21,0.21,,19.05396825396825,1.0,
NVIDIA RTX A5000,NVIDIA,GPU,ml_hardware,27.77,27.77,,768.0,24.0,230.0,,,,,,,,,0.1207391304347826,0.1207391304347826,,27.6557436082103,1.0,
NVIDIA A10,NVIDIA,GPU,ml_hardware,31.24,31.24,250.0,600.2,24.0,150.0,,,,,,,,,0.2082666666666666,0.2082666666666666,1.6666666666666667,19.21254801536492,1.0,8.002560819462229
Tianshu Zhixin Tiangai 100 (BI-V100),Iluvatar CoreX,GPGPU,ml_hardware,32.0,128.0,256.0,,32.0,250.0,,,,,,,,,0.128,0.512,1.024,,4.0,8.0
Cambricon MLU290-M5,Cambricon,,ml_hardware,,,512.0,1228.0,32.0,350.0,,,,,,,,,,,1.4628571428571429,,,
NVIDIA A100 SXM4 80 GB,NVIDIA,GPU,ml_hardware,19.49,77.97,624.0,2039.0,80.0,400.0,,,,,,,,,0.048725,0.194925,1.56,104.61775269368908,4.000513083632632,32.01641867624423
NVIDIA RTX A6000,NVIDIA,GPU,ml_hardware,38.7,38.7,,768.0,48.0,300.0,,,,,,,,,0.129,0.129,,19.84496124031008,1.0,
NVIDIA A40,NVIDIA,GPU,ml_hardware,37.42,37.42,299.3,695.8,48.0,300.0,,,,,,,,,0.1247333333333333,0.1247333333333333,0.9976666666666668,18.594334580438264,1.0,7.998396579369321
NVIDIA GeForce RTX 3080,NVIDIA,GPU,ml_hardware,29.77,29.77,,760.0,10.0,320.0,,,,,,,,,0.09303125,0.09303125,,25.529056096741687,1.0,
NVIDIA GeForce RTX 3090,NVIDIA,GPU,ml_hardware,35.58,35.58,284.0,936.0,24.0,350.0,,,,,,,,,0.1016571428571428,0.1016571428571428,0.8114285714285714,26.30691399662732,1.0,7.982012366498033
NVIDIA A100,NVIDIA,GPU,ml_hardware,19.49,77.97,624.0,1940.0,,300.0,,,,,,,,,0.0649666666666666,0.2599,2.08,99.5382247306311,4.000513083632632,32.01641867624423
NVIDIA A100 SXM4 40 GB,NVIDIA,GPU,ml_hardware,19.49,77.97,624.0,1560.0,40.0,400.0,,,,,,,,,0.048725,0.194925,1.56,80.04104669061057,4.000513083632632,32.01641867624423
NVIDIA A100,NVIDIA,GPU,ml_hardware,19.5,77.97,624.0,1560.0,40.0,400.0,,,,,,,,,0.04875,0.194925,1.56,80.0,3.9984615384615374,32.0
Google TPU v4i,Google,TPU,ml_hardware,,,,614.0,8.0,175.0,,,,,,,,,,,,,,
Baidu Kunlun K200,Kunlunxin Baidu,XPU,ml_hardware,16.0,64.0,256.0,512.0,16.0,150.0,,,,,,,,,0.1066666666666666,0.4266666666666667,1.7066666666666668,32.0,4.0,16.0
NVIDIA Tesla V100S PCIe 32 GB,NVIDIA,GPU,ml_hardware,16.35,32.71,,1130.0,32.0,250.0,,,,,,,,,0.0654,0.13084,,69.11314984709479,2.000611620795107,
T-Head Hanguang 800,Alibaba,NPU,ml_hardware,,,825.0,,,276.0,,,,,,,,,,,2.989130434782609,,,
Huawei Ascend 910,Huawei,GPU,ml_hardware,,256.0,512.0,1288.0,,310.0,,,,,,,,,,0.8258064516129032,1.6516129032258065,,,
Huawei Ascend 910 (320 TFLOPS),Huawei,GPU,ml_hardware,,320.0,640.0,1288.0,,310.0,,,,,,,,,,1.032258064516129,2.064516129032258,,,
Cambricon MLU270-F4,Cambricon,ASIC,ml_hardware,,,128.0,102.0,16.0,150.0,,,,,,,,,,,0.8533333333333334,,,
Cambricon MLU270-S4,Cambricon,ASIC,ml_hardware,,,128.0,102.0,16.0,70.0,,,,,,,,,,,1.8285714285714283,,,
Baidu Kunlun I,Kunlunxin Baidu,XPU,ml_hardware,16.0,64.0,256.0,512.0,,150.0,,,,,,,,,0.1066666666666666,0.4266666666666667,1.7066666666666668,32.0,4.0,16.0
NVIDIA Quadro RTX 4000,NVIDIA,GPU,ml_hardware,7.119,14.24,,416.0,8.0,160.0,,,,,,,,,0.04449375,0.089,,58.43517347942127,2.000280938334036,
Huawei Ascend 310,Huawei,GPU,ml_hardware,,8.0,16.0,51.2,,8.0,,,,,,,,,,1.0,2.0,,,
NVIDIA GeForce RTX 2080 Ti 11GB,NVIDIA,GPU,ml_hardware,13.45,26.9,227.7,616.0,11.0,250.0,,,,,,,,,0.0538,0.1076,0.9108,45.79925650557621,2.0,16.929368029739777
NVIDIA Tesla T4,NVIDIA,GPU,ml_hardware,8.141,65.1299999999999,,320.0,16.0,70.0,,,,,,,,,0.1163,0.93042857142857,,39.30721041641076,8.00024567006509,
NVIDIA Quadro RTX 6000,NVIDIA,GPU,ml_hardware,16.3099999999999,32.62,,672.0,24.0,260.0,,,,,,,,,0.0627307692307688,0.1254615384615384,,41.20171673819768,2.000000000000012,
NVIDIA Quadro RTX 5000,NVIDIA,GPU,ml_hardware,11.15,22.3,,448.0,16.0,230.0,,,,,,,,,0.0484782608695652,0.0969565217391304,,40.17937219730941,2.0,
NVIDIA Quadro RTX 8000,NVIDIA,GPU,ml_hardware,16.3,32.62,,672.0,48.0,260.0,,,,,,,,,0.0626923076923077,0.1254615384615384,,41.22699386503067,2.0012269938650302,
Google TPU v3,Google,TPU,ml_hardware,,,,900.0,32.0,220.0,,,,,,,,,,,,,,
NVIDIA Tesla V100 DGXS 16 GB,NVIDIA,GPU,ml_hardware,16.2,32.4,,897.0,16.0,250.0,,,,,,,,,0.0648,0.1296,,55.37037037037037,2.0,
NVIDIA Tesla V100 PCIe 32 GB,NVIDIA,GPU,ml_hardware,14.13,28.26,,897.0,32.0,250.0,,,,,,,,,0.05652,0.11304,,63.481953290870486,2.0,
NVIDIA Tesla V100 DGXS 32 GB,NVIDIA,GPU,ml_hardware,15.67,31.33,,897.0,32.0,250.0,,,,,,,,,0.06268,0.12532,,57.243139757498405,1.9993618379068283,
NVIDIA Tesla V100 SXM3 32 GB,NVIDIA,GPU,ml_hardware,15.67,31.33,,898.0,,300.0,,,,,,,,,0.0522333333333333,0.1044333333333333,,57.30695596681557,1.9993618379068283,
NVIDIA Tesla V100 SXM2 32 GB,NVIDIA,GPU,ml_hardware,15.67,31.33,,898.0,32.0,300.0,,,,,,,,,0.0522333333333333,0.1044333333333333,,57.30695596681557,1.9993618379068283,
NVIDIA Titan V,NVIDIA,GPU,ml_hardware,14.9,29.8,,651.0,12.0,250.0,,,,,,,,,0.0596,0.1192,,43.69127516778524,2.0,
NVIDIA Tesla V100,NVIDIA,GPU,ml_hardware,15.67,31.33,,897.0,16.0,300.0,,,,,,,,,0.0522333333333333,0.1044333333333333,,57.243139757498405,1.9993618379068283,
NVIDIA Tesla V100 SXM2 16 GB,NVIDIA,GPU,ml_hardware,15.67,31.33,,897.0,,300.0,,,,,,,,,0.0522333333333333,0.1044333333333333,,57.243139757498405,1.9993618379068283,
NVIDIA Tesla V100 PCIe 16 GB,NVIDIA,GPU,ml_hardware,14.13,28.26,,897.0,16.0,250.0,,,,,,,,,0.05652,0.11304,,63.481953290870486,2.0,
NVIDIA V100,NVIDIA,GPU,ml_hardware,15.67,31.33,,897.0,,300.0,,,,,,,,,0.0522333333333333,0.1044333333333333,,57.243139757498405,1.9993618379068283,
PEZY-SC2,PEZY,,ml_hardware,8.192,16.04,,102.37718675,,180.0,,,,,,,,,0.0455111111111111,0.0891111111111111,,12.49721517944336,1.9580078125,
Google TPU v2,Google,TPU,ml_hardware,3.0,,,600.0,16.0,280.0,,,,,,,,,0.0107142857142857,,,200.0,,
NVIDIA TITAN Xp,NVIDIA,GPU,ml_hardware,12.15,0.1898,,548.0,12.0,250.0,,,,18280.0,1645.0,11.112462006079028,,,0.0486,0.0007592,,45.10288065843621,0.0156213991769547,
NVIDIA GeForce GTX 1080 Ti,NVIDIA,GPU,ml_hardware,11.34,0.1772,,484.0,11.0,250.0,,,,,,,,,0.04536,0.0007088,,42.68077601410935,0.0156261022927689,
NVIDIA Quadro P600,NVIDIA,GPU,ml_hardware,1.196,0.01868,,64.13,2.0,40.0,,,,,,,,,0.0299,0.0004669999999999,,53.62040133779264,0.0156187290969899,
NVIDIA Quadro P4000,NVIDIA,GPU,ml_hardware,5.304,0.08288,,243.4,8.0,105.0,,,,,,,,,0.0505142857142857,0.0007893333333333,,45.88989441930618,0.0156259426847662,
MT-2000,National University of Defense Technology,,ml_hardware,4.92,,,153.652,,240.0,,,,,,,,,0.0205,,,31.230081300813005,,
NVIDIA Quadro P5000,NVIDIA,GPU,ml_hardware,8.873,0.1386,,288.0,16.0,180.0,,,,,,,,,0.0492944444444444,0.00077,,32.458018708441344,0.0156204215034373,
NVIDIA Quadro P6000,NVIDIA,GPU,ml_hardware,12.63,0.1974,,433.0,24.0,250.0,,,,,,,,,0.05052,0.0007896,,34.283452098178934,0.0156294536817102,
NVIDIA P40,NVIDIA,GPU,ml_hardware,11.76,0.1837,,694.3,24.0,250.0,,,,,,,,,0.04704,0.0007348,,59.0391156462585,0.0156207482993197,
NVIDIA Tesla P4,NVIDIA,GPU,ml_hardware,5.704,0.08912,22.0,192.3,8.0,75.0,,,,,,,,,0.0760533333333333,0.0011882666666666,0.2933333333333333,33.71318373071529,0.0156241234221598,3.856942496493689
NVIDIA Tesla P100,NVIDIA,GPU,ml_hardware,9.526,19.05,,732.2,,250.0,,,,,,,,,0.038104,0.0762,,76.86332143606971,1.9997900482888935,
NVIDIA Tesla P100,NVIDIA,GPU,ml_hardware,9.526,19.05,,549.1,,250.0,,,,,,,,,0.038104,0.0762,,57.64224228427462,1.9997900482888935,
NVIDIA P100,NVIDIA,GPU,ml_hardware,9.56,19.1,,732.0,16.0,250.0,,,,,,,,,0.03824,0.0764,,76.56903765690376,1.997907949790795,
NVIDIA GeForce GTX 1080,NVIDIA,GPU,ml_hardware,8.873,0.1386,,320.3,8.0,180.0,,,,,,,,,0.0492944444444444,0.00077,,36.09827566775612,0.0156204215034373,
NVIDIA Tesla P100,NVIDIA,GPU,ml_hardware,10.61,21.22,,,,300.0,,,,,,,,,0.0353666666666666,0.0707333333333333,,,2.0,
NVIDIA P100,NVIDIA,GPU,ml_hardware,9.3,18.7,,732.0,16.0,250.0,,,,,,,,,0.0372,0.0747999999999999,,78.70967741935483,2.010752688172043,
NVIDIA Tesla P100 DGXS,NVIDIA,GPU,ml_hardware,10.61,21.22,,,,300.0,,,,,,,,,0.0353666666666666,0.0707333333333333,,,2.0,
NVIDIA M40,NVIDIA,GPU,ml_hardware,6.832,,,288.0,12.0,250.0,,,,,,,,,0.0273279999999999,,,42.15456674473068,,
NVIDIA TESLA M60,NVIDIA,GPU,ml_hardware,9.65,,,320.8,16.0,300.0,,,,,,,,,0.0321666666666666,,,33.24352331606217,,
NVIDIA Quadro M4000,NVIDIA,GPU,ml_hardware,2.573,,,192.0,8.0,120.0,,,,,,,,,0.0214416666666666,,,74.62106490478041,,
Google TPU v1,Google,TPU,ml_hardware,,,92.0,34.0,8.589934592,75.0,,,,,,,,,,,1.2266666666666666,,,
NVIDIA GeForce GTX TITAN X,NVIDIA,GPU,ml_hardware,6.691,,,336.6,12.0,250.0,,,,,,,,,0.026764,,,50.306381706770296,,
NVIDIA Quadro K1200,NVIDIA,GPU,ml_hardware,1.151,,,80.0,4.0,45.0,,,,,,,,,0.0255777777777777,,,69.50477845351868,,
NVIDIA Tesla K80,NVIDIA,GPU,ml_hardware,8.126,,,241.0,24.0,300.0,,,,,,,,,0.0270866666666666,,,29.657888259906475,,
NVIDIA GeForce GTX 980,NVIDIA,GPU,ml_hardware,4.981,,,224.4,4.0,165.0,,,,,,,,,0.0301878787878787,,,45.051194539249146,,
NVIDIA GTX Titan Black,NVIDIA,GPU,ml_hardware,5.645,,,336.0,6.0,250.0,,,,,,,,,0.02258,,,59.52170062001772,,
NVIDIA Tesla K40s,NVIDIA,GPU,ml_hardware,5.046,,,288.0,12.0,245.0,,,,,,,,,0.0205959183673469,,,57.07491082045184,,
NVIDIA Tesla K40t,NVIDIA,GPU,ml_hardware,5.046,,,288.4,12.0,245.0,,,,,,,,,0.0205959183673469,,,57.154181529924685,,
NVIDIA Quadro K6000,NVIDIA,GPU,ml_hardware,5.196,,,288.0,12.0,225.0,,,,,,,,,0.0230933333333333,,,55.42725173210162,,
NVIDIA GeForce GTX 780,NVIDIA,GPU,ml_hardware,4.156,,,288.4,3.0,250.0,,,,,,,,,0.016624,,,69.39364773820982,,
NVIDIA Quadro K4000,NVIDIA,GPU,ml_hardware,1.244,,,134.8,3.0,80.0,,,,,,,,,0.01555,,,108.36012861736336,,
NVIDIA GeForce GTX TITAN,NVIDIA,GPU,ml_hardware,4.709,,,288.4,6.0,250.0,,,,,,,,,0.018836,,,61.24442556806116,,
NVIDIA Tesla K20c,NVIDIA,GPU,ml_hardware,3.52,,,208.0,5.0,225.0,,,,,,,,,0.0156444444444444,,,59.09090909090909,,
NVIDIA Tesla K20X,NVIDIA,GPU,ml_hardware,3.935,,,,,235.0,,,,,,,,,0.0167446808510638,,,,,
NVIDIA Tesla C2050,NVIDIA,GPU,ml_hardware,1.028,,,,,238.0,,,,,,,,,0.0043193277310924,,,,,
NVIDIA GeForce GTX 580,NVIDIA,GPU,ml_hardware,1.581,,,192.4,1.536,244.0,,,,,,,,,0.0064795081967213,,,121.69512966476914,,
NVIDIA GeForce GTX 280,NVIDIA,GPU,ml_hardware,0.6221,,,141.1,1.024,236.0,,,,,,,,,0.0026360169491525,,,226.8124095804533,,
NVIDIA GB300,NVIDIA,GPU,ml_hardware,83.333333333333,,,,287.5,1750.0,,,,,,,,,0.0476190476190474,,,,,
GeForce RTX 3090 Ti,Nvidia,,graphics,,,,,,450.0,260346.0,229738.0,260.346,29094.0,2099.99,13.85435168738899,,,,,,,,
GeForce RTX 3090,Nvidia,,graphics,,,,,,350.0,238123.0,204921.0,238.123,26395.0,1749.99,15.08294333110475,,,,,,,,
GeForce RTX 3080 Ti,Nvidia,,graphics,,,,,,350.0,235513.0,209081.0,235.513,26887.0,1199.99,22.406020050167086,,,,,,,,
RTX A6000,Nvidia,,graphics,,,,,,300.0,224604.0,200330.0,224.604,22122.0,4999.99,4.424408848817698,,,,,,,,
GeForce RTX 3080,Nvidia,,graphics,,,,,,320.0,206390.0,181771.0,206.39,24853.0,999.0,24.87787787787788,,,,,,,,
RTX A5000,Nvidia,,graphics,,,,,,230.0,193384.0,166307.0,193.384,22867.0,2631.2,8.690711462450594,,,,,,,,
Quadro GV100,Nvidia,,graphics,,,,,,250.0,180942.0,143059.0,180.942,17675.0,8999.0,1.964107123013668,,,,,,,,
TITAN V,Nvidia,,graphics,,,,,,250.0,176773.0,136749.0,176.773,18816.0,1999.99,9.408047040235202,,,,,,,,
GeForce RTX 2080 Ti,Nvidia,,graphics,,,,,,250.0,176681.0,145322.0,176.681,21796.0,998.59,21.826775753812875,,,,,,,,
RTX A4500,Nvidia,,graphics,,,,,,200.0,171509.0,155557.0,171.509,21546.0,2134.64,10.09350522804782,,,,,,,,
TITAN RTX,Nvidia,,graphics,,,,,,280.0,167076.0,138072.0,167.076,20169.0,2794.99,7.216125996872977,,,,,,,,
GeForce RTX 3070 Ti,Nvidia,,graphics,,,,,,290.0,165866.0,147200.0,165.866,23367.0,749.99,31.15641541887225,,,,,,,,
Quadro RTX 6000,Nvidia,,graphics,,,,,,295.0,159550.0,134522.0,159.55,19692.0,6300.0,3.125714285714286,,,,,,,,
GeForce RTX 3070,Nvidia,,graphics,,,,,,220.0,149734.0,135064.0,149.734,22093.0,719.99,30.685148404838955,,,,,,,,
GeForce RTX 3080 Ti Laptop GPU,Nvidia,,graphics,,,,,,150.0,148511.0,136008.0,148.511,19507.0,,,,,,,,,,
Quadro RTX 8000,Nvidia,,graphics,,,,,,260.0,144049.0,125554.0,144.049,19126.0,4741.49,4.033753102927561,,,,,,,,
GeForce RTX 3070 Ti Laptop GPU,Nvidia,,graphics,,,,,,125.0,141168.0,119528.0,141.168,18490.0,,,,,,,,,,
RTX A5000 Laptop GPU,Nvidia,,graphics,,,,,,165.0,139395.0,122155.0,139.395,16273.0,,,,,,,,,,
GeForce RTX 3080 Laptop GPU,Nvidia,,graphics,,,,,,115.0,138398.0,125425.0,138.398,16522.0,,,,,,,,,,
GeForce RTX 3060 Ti,Nvidia,,graphics,,,,,,200.0,128321.0,120183.0,128.321,20206.0,599.99,33.67722795379923,,,,,,,,
GeForce RTX 2080 SUPER,Nvidia,,graphics,,,,,,250.0,126130.0,114956.0,126.13,19519.0,683.99,28.53696691472097,,,,,,,,
RTX A4000,Nvidia,,graphics,,,,,,140.0,124547.0,116149.0,124.547,18988.0,1233.98,15.387607578728993,,,,,,,,
GeForce RTX 3070 Laptop GPU,Nvidia,,graphics,,,,,,115.0,122041.0,111833.0,122.041,15231.0,,,,,,,,,,
GeForce RTX 2080,Nvidia,,graphics,,,,,,250.0,120612.0,105930.0,120.612,18732.0,633.03,29.591014643855743,,,,,,,,
RTX A4000 Laptop GPU,Nvidia,,graphics,,,,,,140.0,118896.0,106611.0,118.896,16297.0,,,,,,,,,,
Quadro RTX 5000,Nvidia,,graphics,,,,,,230.0,117173.0,105171.0,117.173,16260.0,,,,,,,,,,
GeForce RTX 2070 SUPER,Nvidia,,graphics,,,,,,215.0,108083.0,97485.0,108.083,18168.0,613.8,29.599217986314763,,,,,,,,
GeForce RTX 2080 Super with Max-Q Design,Nvidia,,graphics,,,,,,80.0,104422.0,87462.0,104.422,14020.0,,,,,,,,,,
GeForce RTX 2080 with Max-Q Design,Nvidia,,graphics,,,,,,90.0,104025.0,87150.0,104.025,13681.0,2099.99,6.51479292758537,,,,,,,,
GeForce RTX 3060,Nvidia,,graphics,,,,,,170.0,99213.0,96416.0,99.213,16958.0,329.0,51.54407294832827,,,,,,,,
Quadro RTX 5000 with Max-Q Design,Nvidia,,graphics,,,,,,80.0,99084.0,91343.0,99.084,13893.0,,,,,,,,,,
GeForce RTX 3060 Laptop GPU,Nvidia,,graphics,,,,,,115.0,98709.0,92420.0,98.709,12674.0,479.99,26.4047167649326,,,,,,,,
GeForce RTX 2070,Nvidia,,graphics,,,,,,175.0,96024.0,85818.0,96.024,16079.0,627.44,25.626354711207444,,,,,,,,
GeForce RTX 2060 SUPER,Nvidia,,graphics,,,,,,175.0,95114.0,85216.0,95.114,16514.0,528.89,31.22388398343701,,,,,,,,
Quadro RTX 4000,Nvidia,,graphics,,,,,,160.0,94250.0,85184.0,94.25,15515.0,899.0,17.258064516129032,,,,,,,,
Quadro GP100,Nvidia,,graphics,,,,,,235.0,92763.0,82724.0,92.763,16203.0,,,,,,,,,,
RTX A3000 Laptop GPU,Nvidia,,graphics,,,,,,130.0,90882.0,87942.0,90.882,13263.0,,,,,,,,,,
GeForce RTX 2070 Super with Max-Q Design,Nvidia,,graphics,,,,,,80.0,89663.0,81209.0,89.663,14261.0,,,,,,,,,,
GeForce RTX 2070 with Max-Q Design,Nvidia,,graphics,,,,,,80.0,86778.0,74397.0,86.778,12062.0,,,,,,,,,,
GeForce RTX 2060,Nvidia,,graphics,,,,,,160.0,78091.0,70754.0,78.091,13953.0,389.99,35.777840457447624,,,,,,,,
Quadro RTX 3000,Nvidia,,graphics,,,,,,80.0,70456.0,61102.0,70.456,11122.0,,,,,,,,,,
GeForce RTX 2060 with Max-Q Design,Nvidia,,graphics,,,,,,65.0,67657.0,61701.0,67.657,9743.0,,,,,,,,,,
Quadro RTX 4000 with Max-Q Design,Nvidia,,graphics,,,,,,80.0,67141.0,73097.0,67.141,13622.0,,,,,,,,,,
GeForce RTX 3050 Ti Laptop GPU,Nvidia,,graphics,,,,,,80.0,66487.0,62154.0,66.487,9452.0,,,,,,,,,,
GeForce GTX 1660 SUPER,Nvidia,,graphics,,,,,,125.0,65154.0,60772.0,65.154,12732.0,329.99,38.58298736325343,,,,,,,,
Quadro RTX 3000 with Max-Q Design,Nvidia,,graphics,,,,,,60.0,64172.0,65305.0,64.172,8754.0,,,,,,,,,,
GeForce GTX 1660 Ti with Max-Q Design,Nvidia,,graphics,,,,,,60.0,61528.0,54310.0,61.528,8646.0,,,,,,,,,,
RTX A2000 Laptop GPU,Nvidia,,graphics,,,,,,95.0,61347.0,61134.0,61.347,10148.0,,,,,,,,,,
GeForce GTX 1660,Nvidia,,graphics,,,,,,120.0,60503.0,55712.0,60.503,11695.0,399.99,29.238230955773894,,,,,,,,
TITAN Xp COLLECTORS EDITION,Nvidia,,graphics,,,,,,250.0,59596.0,66294.0,59.596,18721.0,,,,,,,,,,
GeForce RTX 3050 Laptop GPU,Nvidia,,graphics,,,,,,80.0,58544.0,55123.0,58.544,9037.0,379.99,23.782204794863024,,,,,,,,
TITAN Xp,Nvidia,,graphics,,,,,,250.0,58384.0,65766.0,58.384,19508.0,,,,,,,,,,
GeForce GTX 1650 SUPER,Nvidia,,graphics,,,,,,100.0,57126.0,53834.0,57.126,10032.0,441.05,22.745720439859426,,,,,,,,
GeForce GTX 1080 Ti,Nvidia,,graphics,,,,,,250.0,55628.0,61295.0,55.628,18284.0,604.15,30.264007282959533,,,,,,,,
GeForce GTX 1080,Nvidia,,graphics,,,,,,180.0,51531.0,54640.0,51.531,15265.0,442.79,34.47458163011812,,,,,,,,
GeForce GTX 1070 Ti,Nvidia,,graphics,,,,,,180.0,50088.0,52434.0,50.088,14500.0,389.0,37.275064267352185,,,,,,,,
GeForce GTX 1650 Ti,Nvidia,,graphics,,,,,,55.0,48337.0,43645.0,48.337,7490.0,,,,,,,,,,
Quadro P6000,Nvidia,,graphics,,,,,,250.0,47462.0,56151.0,47.462,15811.0,3250.0,4.864923076923077,,,,,,,,
GeForce GTX 1080 with Max-Q Design,Nvidia,,graphics,,,,,,110.0,46955.0,46870.0,46.955,11507.0,,,,,,,,,,
GeForce GTX 1070,Nvidia,,graphics,,,,,,150.0,45558.0,47750.0,45.558,13482.0,342.55,39.35775799153408,,,,,,,,
Quadro P5000,Nvidia,,graphics,,,,,,180.0,45153.0,47424.0,45.153,11976.0,1868.99,6.407738939213158,,,,,,,,
GeForce GTX 1650 Ti with Max-Q Design,Nvidia,,graphics,,,,,,35.0,41158.0,40474.0,41.158,6342.0,,,,,,,,,,
GeForce GTX 1650,Nvidia,,graphics,,,,,,75.0,40258.0,38315.0,40.258,7807.0,209.0,37.354066985645936,,,,,,,,
Quadro P4000,Nvidia,,graphics,,,,,,105.0,39254.0,42289.0,39.254,11422.0,556.19,20.53614771930455,,,,,,,,
GeForce GTX 1070 with Max-Q Design,Nvidia,,graphics,,,,,,90.0,38193.0,39907.0,38.193,10030.0,,,,,,,,,,
GeForce GTX 1650 with Max-Q Design,Nvidia,,graphics,,,,,,35.0,37945.0,36447.0,37.945,5884.0,,,,,,,,,,
Quadro P4200,Nvidia,,graphics,,,,,,100.0,37676.0,38169.0,37.676,9827.0,,,,,,,,,,
GeForce GTX 980 Ti,Nvidia,,graphics,,,,,,250.0,36268.0,40025.0,36.268,13864.0,719.4,19.271615234917988,,,,,,,,
GeForce GTX TITAN X,Nvidia,,graphics,,,,,,250.0,33701.0,39047.0,33.701,13173.0,1096.99,12.00831365828312,,,,,,,,
Quadro M6000,Nvidia,,graphics,,,,,,250.0,32385.0,36685.0,32.385,11397.0,1099.98,10.361097474499536,,,,,,,,
Quadro M6000 24GB,Nvidia,,graphics,,,,,,250.0,32156.0,35572.0,32.156,12264.0,,,,,,,,,,
GeForce GTX 1060 3GB,Nvidia,,graphics,,,,,,120.0,31922.0,33958.0,31.922,9728.0,305.0,31.89508196721312,,,,,,,,
GeForce GTX 1060,Nvidia,,graphics,,,,,,120.0,31129.0,32388.0,31.129,10070.0,279.99,35.96557019893567,,,,,,,,
Quadro P2200,Nvidia,,graphics,,,,,,75.0,30389.0,32972.0,30.389,9486.0,577.17,16.435365663496025,,,,,,,,
GeForce GTX 1060 5GB,Nvidia,,graphics,,,,,,120.0,30206.0,33671.0,30.206,8704.0,487.99,17.836431074407262,,,,,,,,
GeForce GTX 980,Nvidia,,graphics,,,,,,165.0,29848.0,33463.0,29.848,11237.0,247.35,45.42955326460481,,,,,,,,
GeForce GTX 1060 with Max-Q Design,Nvidia,,graphics,,,,,,80.0,28312.0,29934.0,28.312,7907.0,,,,,,,,,,
GeForce GTX 970,Nvidia,,graphics,,,,,,145.0,25908.0,29153.0,25.908,9688.0,237.99,40.70759275599815,,,,,,,,
Quadro M5000,Nvidia,,graphics,,,,,,150.0,24565.0,28016.0,24.565,9262.0,499.0,18.561122244488978,,,,,,,,
Quadro P3000,Nvidia,,graphics,,,,,,75.0,22837.0,25108.0,22.837,6572.0,,,,,,,,,,
Quadro P2000,Nvidia,,graphics,,,,,,75.0,21668.0,23869.0,21.668,7096.0,542.0,13.092250922509225,,,,,,,,
GeForce GTX 980M,Nvidia,,graphics,,,,,,100.0,21520.0,23785.0,21.52,7317.0,289.99,25.231904548432706,,,,,,,,
GeForce GTX 780 Ti,Nvidia,,graphics,,,,,,250.0,20877.0,25535.0,20.877,9312.0,339.99,27.389040854142767,,,,,,,,
GeForce GTX 1050 Ti,Nvidia,,graphics,,,,,,75.0,20616.0,22192.0,20.616,6314.0,189.42,33.333333333333336,,,,,,,,
GeForce GTX TITAN Black,Nvidia,,graphics,,,,,,250.0,20282.0,25112.0,20.282,9140.0,524.99,17.409855425817636,,,,,,,,
Quadro M5000M,Nvidia,,graphics,,,,,,100.0,20269.0,22881.0,20.269,6807.0,546.92,12.44606158121846,,,,,,,,
GeForce GTX TITAN Z,Nvidia,,graphics,,,,,,375.0,18422.0,22732.0,18.422,9189.0,1515.0,6.065346534653465,,,,,,,,
GeForce GTX 970M,Nvidia,,graphics,,,,,,75.0,18285.0,20012.0,18.285,5761.0,209.99,27.43463974474975,,,,,,,,
GeForce GTX 780,Nvidia,,graphics,,,,,,250.0,18049.0,21004.0,18.049,8022.0,279.99,28.651023250830384,,,,,,,,
GeForce GTX 960,Nvidia,,graphics,,,,,,120.0,17784.0,21072.0,17.784,6042.0,172.0,35.127906976744185,,,,,,,,
Quadro K6000,Nvidia,,graphics,,,,,,225.0,17571.0,17636.0,17.571,8108.0,392.0,20.68367346938776,,,,,,,,
GeForce GTX 1050,Nvidia,,graphics,,,,,,75.0,17206.0,18573.0,17.206,5090.0,203.1,25.061546036435253,,,,,,,,
Quadro M4000,Nvidia,,graphics,,,,,,120.0,16648.0,18372.0,16.648,6644.0,362.0,18.353591160220997,,,,,,,,
GeForce GTX 950,Nvidia,,graphics,,,,,,90.0,15998.0,18233.0,15.998,5392.0,141.99,37.974505246848366,,,,,,,,
Quadro M3000M,Nvidia,,graphics,,,,,,75.0,15678.0,17348.0,15.678,5678.0,159.95,35.498593310409504,,,,,,,,
Quadro P1000,Nvidia,,graphics,,,,,,47.0,14286.0,15667.0,14.286,4466.0,213.2,20.94746716697936,,,,,,,,
GeForce GTX 965M,Nvidia,,graphics,,,,,,60.0,13861.0,16496.0,13.861,3824.0,,,,,,,,,,
GeForce GTX 770,Nvidia,,graphics,,,,,,230.0,13824.0,17483.0,13.824,5892.0,249.0,23.66265060240964,,,,,,,,
Quadro K5200,Nvidia,,graphics,,,,,,150.0,13735.0,16029.0,13.735,5780.0,415.0,13.927710843373497,,,,,,,,
GeForce GTX 680,Nvidia,,graphics,,,,,,195.0,13627.0,16368.0,13.627,5535.0,399.0,13.87218045112782,,,,,,,,
Quadro M2000,Nvidia,,graphics,,,,,,75.0,13100.0,14953.0,13.1,3942.0,264.24,14.91825613079019,,,,,,,,
Quadro M2200,Nvidia,,graphics,,,,,,55.0,12812.0,16429.0,12.812,4342.0,249.99,17.36869474778991,,,,,,,,
GeForce GTX 690,Nvidia,,graphics,,,,,,300.0,12549.0,15421.0,12.549,5654.0,280.99,20.12171251645966,,,,,,,,
GeForce GTX 750 Ti,Nvidia,,graphics,,,,,,60.0,12510.0,12954.0,12.51,3919.0,88.11,44.478492793099534,,,,,,,,
GeForce GTX 670,Nvidia,,graphics,,,,,,170.0,11969.0,14780.0,11.969,5304.0,193.98,27.34302505412929,,,,,,,,
GeForce GTX 960M,Nvidia,,graphics,,,,,,65.0,11818.0,12257.0,11.818,3419.0,1169.0,2.924721984602224,,,,,,,,
Quadro P620,Nvidia,,graphics,,,,,,40.0,11727.0,12475.0,11.727,3640.0,236.49,15.39177132225464,,,,,,,,
Quadro K2200,Nvidia,,graphics,,,,,,68.0,11549.0,12020.0,11.549,3541.0,268.3,13.197912784196792,,,,,,,,
GeForce GTX 680MX,Nvidia,,graphics,,,,,,122.0,11307.0,4568.0,11.307,4271.0,,,,,,,,,,
GeForce GTX 660 Ti,Nvidia,,graphics,,,,,,150.0,11298.0,14647.0,11.298,4367.0,144.0,30.32638888888889,,,,,,,,
GeForce GTX 860M,Nvidia,,graphics,,,,,,45.0,11144.0,11550.0,11.144,3045.0,114.0,26.710526315789476,,,,,,,,
Quadro M2000M,Nvidia,,graphics,,,,,,55.0,11041.0,10557.0,11.041,3539.0,213.16,16.602552073559767,,,,,,,,
GeForce GTX 760,Nvidia,,graphics,,,,,,170.0,10683.0,12578.0,10.683,4775.0,149.0,32.04697986577181,,,,,,,,
Quadro P600,Nvidia,,graphics,,,,,,40.0,10634.0,11181.0,10.634,3324.0,325.99,10.196631798521429,,,,,,,,
GeForce GTX 750,Nvidia,,graphics,,,,,,55.0,10510.0,10644.0,10.51,3399.0,219.99,15.45070230465021,,,,,,,,
GeForce GT 1030,Nvidia,,graphics,,,,,,30.0,10307.0,10713.0,10.307,2545.0,109.99,23.13846713337576,,,,,,,,
Quadro M1200,Nvidia,,graphics,,,,,,45.0,10296.0,10874.0,10.296,3342.0,,,,,,,,,,
GeForce GTX 880M,Nvidia,,graphics,,,,,,130.0,10249.0,13023.0,10.249,3876.0,,,,,,,,,,
GeForce MX150,Nvidia,,graphics,,,,,,25.0,9799.0,10459.0,9.799,2310.0,59.29,38.96103896103896,,,,,,,,
GeForce GTX 950M,Nvidia,,graphics,,,,,,75.0,9777.0,10170.0,9.777,2602.0,567.0,4.5890652557319225,,,,,,,,
GeForce GTX 850M,Nvidia,,graphics,,,,,,40.0,9545.0,10030.0,9.545,2574.0,,,,,,,,,,
GeForce GTX 780M,Nvidia,,graphics,,,,,,122.0,9535.0,5211.0,9.535,3755.0,499.0,7.525050100200401,,,,,,,,
GeForce GTX 870M,Nvidia,,graphics,,,,,,110.0,9499.0,11021.0,9.499,3380.0,,,,,,,,,,
Quadro K1200,Nvidia,,graphics,,,,,,45.0,9073.0,9031.0,9.073,2874.0,204.0,14.088235294117649,,,,,,,,
Quadro K4200,Nvidia,,graphics,,,,,,105.0,8973.0,11745.0,8.973,4337.0,249.0,17.417670682730925,,,,,,,,
Quadro M620,Nvidia,,graphics,,,,,,30.0,8602.0,8815.0,8.602,2845.0,,,,,,,,,,
GeForce GTX 660,Nvidia,,graphics,,,,,,140.0,8583.0,11381.0,8.583,4004.0,167.95,23.840428699017565,,,,,,,,
Quadro K5000,Nvidia,,graphics,,,,,,122.0,8558.0,7115.0,8.558,3901.0,249.0,15.666666666666666,,,,,,,,
Quadro M1000M,Nvidia,,graphics,,,,,,40.0,8471.0,8927.0,8.471,2987.0,85.99,34.736597278753344,,,,,,,,
Quadro M520,Nvidia,,graphics,,,,,,25.0,7173.0,6889.0,7.173,1981.0,,,,,,,,,,
GeForce GTX 650 Ti BOOST,Nvidia,,graphics,,,,,,134.0,7132.0,9450.0,7.132,3330.0,,,,,,,,,,
GeForce GTX 675MX,Nvidia,,graphics,,,,,,100.0,7085.0,4095.0,7.085,2338.0,,,,,,,,,,
Quadro K4100M,Nvidia,,graphics,,,,,,100.0,6821.0,5215.0,6.821,2756.0,261.29,10.547667342799189,,,,,,,,
Quadro K620,Nvidia,,graphics,,,,,,45.0,6653.0,6869.0,6.653,2246.0,2029.99,1.106409391179267,,,,,,,,
GeForce GTX 770M,Nvidia,,graphics,,,,,,75.0,6572.0,6585.0,6.572,2786.0,138.0,20.18840579710145,,,,,,,,
GeForce GTX 745,Nvidia,,graphics,,,,,,55.0,6443.0,6300.0,6.443,2175.0,284.95,7.632918055799263,,,,,,,,
GeForce GTX 650 Ti,Nvidia,,graphics,,,,,,110.0,6223.0,8083.0,6.223,2527.0,93.05,27.157442235357337,,,,,,,,
GeForce 940M,Nvidia,,graphics,,,,,,33.0,5882.0,6193.0,5.882,1106.0,,,,,,,,,,
Quadro M500M,Nvidia,,graphics,,,,,,30.0,5713.0,5929.0,5.713,1098.0,,,,,,,,,,
Quadro P400,Nvidia,,graphics,,,,,,30.0,5691.0,5692.0,5.691,1614.0,201.17,8.023065069344335,,,,,,,,
GeForce 840M,Nvidia,,graphics,,,,,,30.0,5629.0,5938.0,5.629,1067.0,,,,,,,,,,
GeForce 930MX,Nvidia,,graphics,,,,,,17.0,5599.0,5764.0,5.599,1302.0,,,,,,,,,,
GeForce GTX 765M,Nvidia,,graphics,,,,,,65.0,5514.0,5299.0,5.514,1972.0,186.3,10.585077831454642,,,,,,,,
Quadro K4000,Nvidia,,graphics,,,,,,80.0,5210.0,6816.0,5.21,2700.0,270.0,10.0,,,,,,,,
Quadro K4000M,Nvidia,,graphics,,,,,,100.0,4650.0,4763.0,4.65,1949.0,254.0,7.673228346456693,,,,,,,,
GeForce 830M,Nvidia,,graphics,,,,,,25.0,4342.0,4422.0,4.342,976.0,,,,,,,,,,
GeForce GTX 760M,Nvidia,,graphics,,,,,,55.0,4287.0,5553.0,4.287,1691.0,,,,,,,,,,
Quadro K3100M,Nvidia,,graphics,,,,,,75.0,4121.0,3517.0,4.121,2263.0,399.95,5.658207275909489,,,,,,,,
GeForce GTX 645,Nvidia,,graphics,,,,,,64.0,3630.0,5217.0,3.63,1858.0,,,,,,,,,,
GeForce GTX 650,Nvidia,,graphics,,,,,,64.0,3469.0,4712.0,3.469,1769.0,109.98,16.08474268048736,,,,,,,,
GeForce GT 740,Nvidia,,graphics,,,,,,64.0,3302.0,4243.0,3.302,1529.0,236.99,6.4517490189459465,,,,,,,,
GeForce GT 750M,Nvidia,,graphics,,,,,,50.0,3118.0,1958.0,3.118,1313.0,,,,,,,,,,
Quadro K2000,Nvidia,,graphics,,,,,,51.0,3055.0,4071.0,3.055,1567.0,294.0,5.329931972789115,,,,,,,,
Quadro K2100M,Nvidia,,graphics,,,,,,55.0,3028.0,3163.0,3.028,1348.0,415.99,3.240462511118056,,,,,,,,
GeForce GTX 660M,Nvidia,,graphics,,,,,,50.0,2901.0,3649.0,2.901,1414.0,78.99,17.901000126598305,,,,,,,,
GeForce GT 640,Nvidia,,graphics,,,,,,65.0,2853.0,3876.0,2.853,1182.0,109.99,10.746431493772162,,,,,,,,
GeForce GT 745M,Nvidia,,graphics,,,,,,45.0,2836.0,3470.0,2.836,1055.0,,,,,,,,,,
GeForce GT 730,Nvidia,,graphics,,,,,,49.0,2743.0,3690.0,2.743,812.0,109.99,7.382489317210656,,,,,,,,
GeForce GT 650M,Nvidia,,graphics,,,,,,45.0,2651.0,1793.0,2.651,1199.0,,,,,,,,,,
GeForce GT 730M,Nvidia,,graphics,,,,,,33.0,2459.0,3437.0,2.459,816.0,,,,,,,,,,
Quadro K2000M,Nvidia,,graphics,,,,,,55.0,2385.0,2575.0,2.385,1027.0,144.04,7.129963898916968,,,,,,,,
GeForce GT 630,Nvidia,,graphics,,,,,,50.0,2317.0,2654.0,2.317,683.0,147.01,4.645942452894361,,,,,,,,
Quadro K1100M,Nvidia,,graphics,,,,,,45.0,2205.0,2245.0,2.205,1082.0,322.99,3.349948914827084,,,,,,,,
GeForce GT 640M,Nvidia,,graphics,,,,,,32.0,2200.0,2485.0,2.2,907.0,,,,,,,,,,
GeForce GT 710,Nvidia,,graphics,,,,,,25.0,1534.0,2079.0,1.534,637.0,102.99,6.185066511311778,,,,,,,,
GeForce GT 720,Nvidia,,graphics,,,,,,19.0,1514.0,2372.0,1.514,606.0,99.99,6.0606060606060606,,,,,,,,
Quadro K610M,Nvidia,,graphics,,,,,,30.0,1504.0,1833.0,1.504,708.0,240.0,2.95,,,,,,,,
Quadro K600,Nvidia,,graphics,,,,,,41.0,1356.0,1572.0,1.356,769.0,60.24,12.765604249667994,,,,,,,,
Quadro K420,Nvidia,,graphics,,,,,,41.0,1350.0,1507.0,1.35,775.0,269.0,2.8810408921933086,,,,,,,,
Quadro K1000M,Nvidia,,graphics,,,,,,45.0,1335.0,1590.0,1.335,773.0,69.95,11.050750536097212,,,,,,,,
NVS 510,Nvidia,,graphics,,,,,,35.0,1282.0,1436.0,1.282,730.0,139.99,5.214658189870705,,,,,,,,
